Name :,Pass no :,EID :,Age :,Flight :
Vishal,12,13,14,Emirates
Tharun,F67875,65788473,150,Etihad
John,K7656,22234,250,Lufthansa
Koshy,F667543,12448,550,AIndia
jj,P55674,98866,234,blah
ronaldo,U88767,23987,1234,indigo
mick,R09752,88362,382,xxx
jjl,H8625,23435,345,jjg
pot,N8877,96545,678,tgrf
gg,X28321,32421,213,dfg
hy,O8216,21433,123,dgte
ggt,C279,20141,324,ewf
hy,O8216,21433,123,dgte
ftr,V88213,12453,987,ggtr
ewf,V1232,12342,21,vds
rahul,S7726,29008,890,Drukair
virat,H8237,21343,234,jqd
bbnnf,A1231,21348,213,weccew
fre,S2134,765434,965,kergfd
bbbf,G2341,63463,23,ngfd
sdfsf,U23452,84352,435,ersv
a,1,2,3,b
d,2,3,4,f
x,1,2,3,y
l,1,2,3,m
b,5,6,7,c
f,1,2,3,g
aum,731,2234,123,emirates
